model,accuracy,precision,recall,f1
LogisticRegression_Default,0.696969696969697,0.6763236763236764,0.696969696969697,0.6840909090909092
KNN_Default,0.7878787878787878,0.8170995670995671,0.7878787878787878,0.795959595959596
RandomForest_Default,0.7575757575757576,0.7768595041322313,0.7575757575757576,0.7644268774703556
XGBoost_Default,0.7272727272727273,0.7870813397129186,0.7272727272727273,0.7410607592609615
LogisticRegression_Balanced,0.696969696969697,0.8101604278074866,0.696969696969697,0.7132867132867133
RandomForest_Tuned,0.7878787878787878,0.8170995670995671,0.7878787878787878,0.795959595959596
XGBoost_Tuned,0.7575757575757576,0.8013986013986014,0.7575757575757576,0.768595041322314
BiomedBERT_FineTuned,0.7575757575757576,0.7575757575757576,0.7575757575757576,0.7575757575757576
ClinicalBERT_FineTuned,0.8181818181818182,0.8347107438016528,0.8181818181818182,0.8233201581027668
