model,accuracy,precision,recall,f1
ClinicalBERT_FineTuned_Optimized,0.8181818181818182,0.8587412587412587,0.8181818181818182,0.8264462809917356
BiomedBERT_FineTuned_Enhanced,0.0,0.0,0.0,0.0
